,List 1,List 2,List 3
Max,100.0,98.5,97.0
Min,2.0,0.5,-94.66666667
Average,52.29,45.21,-0.33333333355999967
